<?xml version="1.0" encoding="UTF-8"?>
<beans xmlns="http://www.springframework.org/schema/beans"
       xmlns:xsi="http://www.w3.org/2001/XMLSchema-instance"
xmlns:context="http://www.springframework.org/schema/context"
    xmlns:p="http://www.springframework.org/schema/p"
    xmlns:mvc="http://www.springframework.org/schema/mvc"
    xmlns:tx="http://www.springframework.org/schema/tx"
       xsi:schemaLocation="http://www.springframework.org/schema/beans
        http://www.springframework.org/schema/beans/spring-beans.xsd
        http://www.springframework.org/schema/context
        http://www.springframework.org/schema/context/spring-context.xsd
      http://www.springframework.org/schema/tx
        http://www.springframework.org/schema/tx/spring-tx.xsd ">
    
<!--p schemA-->
    <tx:annotation-driven/>
    <context:component-scan base-package="mvc"/>



    <bean class="org.springframework.web.servlet.view.InternalResourceViewResolver"
          name="viewResolver">
        <property name="prefix" value="/WEB-INF/views/"/>
        <property name="suffix" value=".jsp"></property>
        
    </bean>
    
    <bean class="org.springframework.jdbc.datasource.DriverManagerDataSource" name="ds">
        <property name="driverClassName" value="com.mysql.cj.jdbc.Driver"/>
        <property name="url" value="jdbc:mysql://localhost:3306/Project"/>
        <property name="username" value="root"/>
        <property name="password" value="Drc@1234"/>
           
    </bean>
    
    <bean class="org.springframework.orm.hibernate5.LocalSessionFactoryBean" name="factory">
    <property name="dataSource" ref="ds"/>
    <property name="hibernateProperties">
        <props>
            <prop key="hibernate.dialect">org.hibernate.dialect.MySQL57Dialect</prop>
            <prop key="hibernate.hbm2ddl.auto">update</prop>
            <prop key="hibernate.show_sql">true</prop>
        </props>
    </property>
    <property name="annotatedClasses">
        <list>
            <value>mvc.Entity.User</value>
            <value>mvc.Entity.attendance</value>
                        <value>mvc.Entity.punchOut</value>

            
        </list>
    </property>
</bean>
   
   <bean class="org.springframework.orm.hibernate5.HibernateTemplate" name="hibernateTemplate">
    <constructor-arg ref="factory"/>
</bean>

<bean class="mvc.hibernate.dao" >
    <property name="ht" ref="hibernateTemplate"/>
</bean>


<bean class="org.springframework.orm.hibernate5.HibernateTransactionManager" name="transactionManager">
    <property name="sessionFactory" ref="factory"/>
</bean>

    
</beans>
